StateFP,Year,monetary_drought,rate_drought,monetary_flood,rate_flood,monetary_smoke,rate_smoke,State,ObjectId
1,2007,3679.023505,82.87585967,44.04946839,0.992284381,2000.594017,46.47793743,Alabama,1
1,2008,4632.465429,103.3502861,50.88207736,1.135178952,1779.693926,41.40434519,Alabama,2
1,2009,874.4979045,19.34712285,152.7988008,3.380473705,458.3246033,14.58656565,Alabama,3
1,2010,942.6325774,20.72399151,169.9328508,3.736012356,936.1920951,23.36159669,Alabama,4
1,2011,1918.401703,41.9653257,106.8953334,2.338351491,2638.108315,55.41272317,Alabama,5
1,2012,2546.745186,55.39977127,84.30714124,1.833947254,2592.141567,56.54482129,Alabama,6
1,2013,1660.618102,35.93771442,109.0916464,2.360870587,2006.437442,45.06957715,Alabama,7
1,2014,613.276602,13.2114919,106.0437416,2.284443967,1433.121098,33.75198989,Alabama,8
1,2015,551.4889712,11.82865344,59.39241634,1.273882791,705.4467116,18.15396686,Alabama,9
1,2016,778.040873,16.61196673,103.3715417,2.20708792,934.5270417,22.54385861,Alabama,10
1,2017,1859.522919,39.53055413,98.15395645,2.086599874,1034.705143,26.29357093,Alabama,11
1,2018,1991.743643,42.13482994,97.00624807,2.052142493,1955.930604,43.40831459,Alabama,12
1,2019,425.6829605,8.956261721,89.29663059,1.878778501,2283.671424,49.75390863,Alabama,13
1,2020,1106.539482,23.14805016,165.6851226,3.466019595,2611.573433,59.37644082,Alabama,14
4,2008,953.0853096,15.97436094,456.8617927,7.657315777,73.50628002,3.518392458,Arizona,15
4,2009,1446.128104,23.99815785,195.8575434,3.25021015,76.54887985,3.740938474,Arizona,16
4,2010,237.4303635,3.903745671,166.4261338,2.736319357,107.6982335,5.400499331,Arizona,17
4,2011,1142.066474,18.6449434,171.3599319,2.79755715,270.9113941,14.80152979,Arizona,18
4,2012,1643.474466,26.57629646,328.8988489,5.31855742,1002.752663,27.39981444,Arizona,19
4,2013,1217.401951,19.51611809,564.8041163,9.054350391,1202.751167,30.02746214,Arizona,20
4,2014,490.6325071,7.775684234,550.5343042,8.725025039,661.0272151,17.61345446,Arizona,21
4,2015,1804.554261,28.27155616,512.1204345,8.023278619,110.5123535,8.342798481,Arizona,22
4,2016,1296.879413,20.0557041,400.0583032,6.18673631,206.6157731,13.6258121,Arizona,23
4,2017,515.3438028,7.878821199,703.0557184,10.74865026,929.9796101,25.81771368,Arizona,24
4,2018,1654.828068,24.97151564,915.4517259,13.81425511,1397.250993,30.78809826,Arizona,25
4,2019,882.5373082,13.12743603,1165.882784,17.34210161,854.3880869,20.62931532,Arizona,26
4,2020,1543.012364,22.60046173,642.8962254,9.416484196,2126.655951,36.27600234,Arizona,27
4,2007,1531.21666,26.13311244,380.480567,6.493621509,38.10185059,2.452212925,Arizona,28
5,2008,979.4035482,35.86473252,212.3786644,7.777084334,1118.487575,42.4722938,Arkansas,29
5,2009,684.3137455,24.86604412,194.1699477,7.055591851,917.0745189,33.57193655,Arkansas,30
5,2010,488.9298393,17.61638324,226.7259484,8.169047737,1154.145379,42.011324,Arkansas,31
5,2011,1172.516535,41.9984555,304.8751514,10.92034534,1385.239036,50.03612012,Arkansas,32
5,2012,1919.223815,68.51249902,189.225755,6.754985664,1755.902102,62.42345626,Arkansas,33
5,2013,1785.516691,63.61603603,74.25769254,2.645721582,1979.774455,69.99804218,Arkansas,34
5,2014,504.9623478,17.95201151,80.2304888,2.852289214,1548.981517,54.94223014,Arkansas,35
5,2015,263.6481767,9.343931726,154.6848836,5.482173288,1275.287054,43.50810683,Arkansas,36
5,2016,342.9832387,12.1139022,246.2019946,8.695663654,1379.464947,47.63187363,Arkansas,37
5,2017,546.0842488,19.22233025,96.64647454,3.401985052,1238.666641,42.8157121,Arkansas,38
5,2018,168.2504248,5.909610575,132.6946173,4.66075206,1381.85644,49.41293533,Arkansas,39
5,2019,475.21063,16.65193787,263.9484485,9.24906323,1418.299824,50.76322677,Arkansas,40
5,2007,1405.441412,51.93379363,45.43068707,1.678752246,1265.808682,47.24604191,Arkansas,41
5,2020,132.9175808,4.641575656,267.2098027,9.331154747,1801.788233,63.94014313,Arkansas,42
6,2007,1518.759102,4.410151935,708.9830792,2.05873538,10752.70119,37.72884957,California,43
6,2008,12759.85445,36.69353645,1358.305651,3.906082008,16667.84346,47.97900708,California,44
6,2009,16276.92632,46.35561944,655.2557861,1.866125536,13513.30068,44.36031284,California,45
6,2010,5849.544323,16.49765965,1253.320269,3.534779819,8152.604108,25.33013544,California,46
6,2011,602.0882822,1.683253981,1463.208905,4.090682855,1095.170541,11.02365045,California,47
6,2012,1875.757347,5.199825056,1083.670206,3.004064199,1607.720011,18.0767859,California,48
6,2013,11940.97314,32.82427883,1248.454612,3.431849468,6603.712672,33.04453219,California,49
6,2014,18518.62513,50.45151171,1312.100789,3.57464271,8301.366435,38.91691268,California,50
27,2014,1534.800484,29.51597203,182.3106855,3.506043392,3043.12317,55.43206511,Minnesota,51
27,2015,607.5853566,11.60733419,125.7509962,2.402351902,3362.66953,58.98264411,Minnesota,52
27,2016,313.0608014,5.930702149,39.17406613,0.74212331,3039.686393,54.86500218,Minnesota,53
27,2017,0.220702701,0.004144548,54.67232622,1.026684554,2402.408821,46.5285976,Minnesota,54
27,2018,21.7668039,0.405518524,42.15752911,0.785400514,3268.103776,62.89873133,Minnesota,55
27,2019,25.92176395,0.479811553,252.5261033,4.674255268,3105.967826,58.57939816,Minnesota,56
27,2020,23.3293915,0.430030974,102.8874497,1.896525686,2352.594154,46.35952751,Minnesota,57
27,2009,1030.892304,20.54739788,70.7171965,1.409511322,2211.135976,40.9892796,Minnesota,58
28,2007,1975.013231,70.99429017,16.11136138,0.579142786,1228.212205,44.62677337,Mississippi,59
28,2008,2431.949378,86.84244192,42.04136375,1.501254394,997.2057683,36.81859567,Mississippi,60
28,2010,564.0604889,19.98891333,65.28871309,2.313671057,811.5475263,28.03611103,Mississippi,61
28,2011,1221.462518,43.17664658,124.2400071,4.391675391,1687.975755,58.97463975,Mississippi,62
28,2012,1766.86312,62.36389252,91.06402503,3.214231485,1799.845948,63.57480294,Mississippi,63
28,2013,1106.904968,39.01446594,63.18926773,2.2271971,1375.604097,48.33035717,Mississippi,64
28,2014,430.5081895,15.16874349,55.78447658,1.965538489,946.7221711,33.55334947,Mississippi,65
28,2015,418.8196647,14.76971851,40.6854197,1.434775507,342.1803849,11.07048604,Mississippi,66
28,2016,311.3450963,10.98210396,66.62857779,2.350195898,518.1194703,20.25024571,Mississippi,67
28,2017,542.4287536,19.13997587,53.52940724,1.888822368,427.8394503,17.70687307,Mississippi,68
28,2018,889.7085815,31.48597957,58.65893659,2.075886551,1115.373226,40.70071444,Mississippi,69
28,2019,386.1594756,13.69188281,76.63842051,2.717334,1288.300079,47.47815348,Mississippi,70
28,2020,459.9333221,16.36488866,59.68325472,2.123590033,1561.143864,57.15440643,Mississippi,71
28,2009,728.7446683,25.92626712,57.61598585,2.049781638,376.2112695,13.74393658,Mississippi,72
29,2007,2232.172603,39.90846155,309.4484865,5.532552908,2934.486313,51.08497981,Missouri,73
29,2020,127.2199138,2.175925079,620.3306875,10.60991994,3058.148838,55.17985167,Missouri,74
29,2008,875.0645114,15.54918298,744.728837,13.2332243,3054.702015,52.08863028,Missouri,75
29,2009,652.6317932,11.52442029,481.2931697,8.498857744,2200.282324,37.14068828,Missouri,76
29,2010,941.1190036,16.52166764,510.3541986,8.9594434,2427.47634,42.27545124,Missouri,77
29,2011,2148.685362,37.62484128,471.7148829,8.260026301,3325.505853,56.57269017,Missouri,78
29,2012,3227.585956,56.37654013,121.1844762,2.116740367,4123.198843,69.35833164,Missouri,79
29,2013,2872.41044,50.03044489,286.685097,4.993361235,3880.411832,68.31576868,Missouri,80
29,2014,1297.655435,22.54117561,199.9075034,3.472532089,3042.936023,54.24908001,Missouri,81
29,2015,1091.479997,18.90773294,182.6130586,3.163410189,2961.48678,50.63616754,Missouri,82
29,2016,838.0721982,14.47920865,380.2932429,6.570251614,3012.386431,52.69281729,Missouri,83
29,2017,1719.454401,29.60902456,211.3008937,3.638603821,2106.332276,40.08621882,Missouri,84
29,2018,1609.126073,27.64108462,140.5332454,2.414037901,2975.73957,54.30015166,Missouri,85
29,2019,861.4138405,14.76079109,838.5362813,14.36877176,2772.990074,50.13639855,Missouri,86
30,2008,295.0766912,31.81096597,7.885715487,0.850125525,431.6872535,48.93946636,Montana,87
30,2009,171.1931457,18.31367964,5.587513245,0.597733789,364.0704413,40.4297872,Montana,88
30,2010,236.796636,25.15586109,4.975309962,0.528547231,268.6237054,30.24784403,Montana,89
30,2011,120.4715773,12.70383148,95.34615069,10.05433363,296.8153258,30.46967171,Montana,90
30,2012,120.8892748,12.65651258,51.64823491,5.407316208,487.6390986,50.64969569,Montana,91
30,2013,197.3550993,20.44724901,6.911092002,0.71603328,541.4696426,55.48615655,Montana,92
30,2014,121.0943831,12.4348975,33.69360654,3.459917241,556.4936508,55.5662669,Montana,93
30,2015,214.7416583,21.84995001,10.68861868,1.087566268,520.4251604,52.08628584,Montana,94
30,2016,306.1086951,30.81298265,4.428471485,0.445771117,461.9557363,46.51077644,Montana,95
30,2017,339.8470298,33.81216458,4.778493189,0.475423305,577.1283119,54.10777398,Montana,96
30,2018,327.9889268,32.37071711,44.64509824,4.40622755,672.9912994,59.42619234,Montana,97
30,2019,228.4599294,22.36061225,41.16889399,4.029422918,431.1800455,43.12412422,Montana,98
30,2020,216.2649247,20.93864845,17.48467821,1.692856716,413.9121635,42.06700548,Montana,99
30,2007,298.5687181,32.57809749,10.09739666,1.10176972,514.1435854,55.88327674,Montana,100
6,2015,14095.78129,38.0768701,1890.786939,5.107574187,5231.848476,37.37888991,California,101
6,2016,11924.42552,32.00078967,1677.576766,4.502001473,10571.00132,42.83345418,California,102
6,2017,6631.771421,17.70741301,2781.618899,7.427167123,14751.19224,45.76499015,California,103
6,2018,12411.87691,33.04752115,1370.738346,3.649690117,16951.40984,57.75186681,California,104
6,2020,6300.6135,16.78908224,1515.133457,4.037337033,13812.40231,71.42178509,California,105
6,2019,7450.572895,19.83159111,2463.006767,6.555917754,13791.83442,63.4103912,California,106
8,2008,946.9601393,20.38558666,78.26775058,1.684900922,801.9845568,15.25213708,Colorado,107
8,2009,950.1643117,20.11532049,59.51233953,1.259897649,433.7963882,9.022442181,Colorado,108
8,2010,689.3575421,14.37747246,94.86217245,1.978477334,591.4296669,10.83513261,Colorado,109
8,2007,1560.301691,34.18959124,82.51280378,1.808034337,778.085351,13.21091213,Colorado,110
8,2012,1037.793135,21.05235843,141.4596163,2.869607098,2282.826504,43.12994131,Colorado,111
8,2013,2722.216064,54.4370904,176.0931659,3.521395572,2776.621571,50.24141438,Colorado,112
8,2014,1205.018476,23.73898175,405.0193022,7.978919836,1403.507061,22.04166665,Colorado,113
8,2011,911.848112,18.74882176,151.4297682,3.113599398,918.723777,19.61062608,Colorado,114
8,2016,202.7876884,3.860466033,318.2126368,6.057808958,2181.235023,29.36862835,Colorado,115
8,2017,758.4187193,14.25566767,78.91533557,1.483337329,2187.290528,32.51243664,Colorado,116
8,2018,576.880757,10.69627255,48.85167504,0.90578655,3423.154379,59.3193634,Colorado,117
8,2015,307.2460591,5.942381467,572.5577614,11.07371935,1361.286207,19.61774931,Colorado,118
8,2020,682.2354685,12.41340386,53.0042316,0.964422056,1397.442634,27.75157313,Colorado,119
8,2019,389.5441562,7.148846703,60.12235864,1.103355084,2202.826381,38.92433621,Colorado,120
9,2007,716.7314067,21.38917952,117.0821484,3.494044028,1133.808162,33.50279361,Connecticut,121
9,2008,794.407596,23.58482274,137.9042521,4.094179557,1353.451774,36.69227294,Connecticut,122
9,2009,531.8642959,15.71834615,117.0989548,3.460660773,518.2774945,13.66361486,Connecticut,123
9,2011,522.2445088,15.29440871,125.5577426,3.677073477,1490.736595,43.83470754,Connecticut,124
9,2012,462.1585114,13.49315579,134.3699717,3.923058684,1484.654498,42.44187034,Connecticut,125
9,2013,790.5456497,23.0484653,133.0256479,3.87838075,1450.113204,41.96808826,Connecticut,126
9,2010,349.9008761,10.28724528,103.1003438,3.031197112,1016.829939,30.03078106,Connecticut,127
9,2015,50.92714829,1.484114165,40.61714835,1.183661117,1234.326845,35.33039006,Connecticut,128
9,2016,654.8896828,19.10785072,23.83237606,0.695362129,1342.320676,36.59713731,Connecticut,129
9,2017,562.1325373,16.40267492,43.4934215,1.269110764,382.4740464,9.795524457,Connecticut,130
9,2014,619.1287575,18.0291703,75.72191589,2.205039421,992.6438022,29.05940664,Connecticut,131
9,2018,151.0985868,4.404455543,134.9954445,3.935056222,1090.985309,31.52320928,Connecticut,132
9,2019,0,0,125.4406687,3.660692038,1505.3071,44.57805014,Connecticut,133
9,2020,91.42609395,2.690026002,68.14780755,2.005109989,918.4962432,27.26655241,Connecticut,134
10,2018,44.71988482,4.847402606,53.93583336,5.846363429,288.087073,31.36031588,Delaware,135
10,2007,476.8148714,57.57510372,68.07821649,8.220402951,288.6797493,35.72512885,Delaware,136
10,2008,359.7341423,42.84179851,36.26511914,4.318919848,396.5529336,46.43182494,Delaware,137
10,2009,194.3532872,22.94219187,25.5349445,3.01424074,182.0665116,21.21266504,Delaware,138
10,2010,162.5305835,19.01521405,59.27284182,6.934607323,273.6119433,31.4954715,Delaware,139
10,2011,358.3901805,41.53751193,54.14148421,6.275011617,458.0202392,52.86612381,Delaware,140
10,2012,288.7465385,33.15668942,82.25392544,9.445196725,464.711789,53.63667165,Delaware,141
10,2013,242.1279182,27.53161985,76.45669561,8.693655377,354.1292538,38.69351648,Delaware,142
10,2014,47.9962681,5.401580569,64.28275258,7.234488868,158.5176554,17.05887252,Delaware,143
10,2015,23.11860795,2.575741808,36.59057674,4.076710782,293.9981954,33.18492214,Delaware,144
10,2016,143.4291679,15.83890973,40.32678167,4.453294014,242.6569503,25.73837117,Delaware,145
10,2019,0,0,41.11881383,4.410948546,399.4287135,44.57671743,Delaware,146
10,2020,0,0,19.45892348,2.06511363,260.4909992,26.81741523,Delaware,147
10,2017,160.9147581,17.61480406,40.16611107,4.39685076,76.1841781,8.529436262,Delaware,148
11,2007,328.1503007,60.13561347,15.11566716,2.770041398,212.614575,38.96296262,District of Columbia,149
11,2008,205.2755072,37.23993019,8.016297731,1.454271734,287.8405791,52.21842203,District of Columbia,150
16,2018,325.7359394,19.38770706,250.205706,14.89216985,736.0945003,44.84817985,Idaho,151
16,2019,221.1173328,12.87330879,18.13099479,1.055574846,681.7093432,38.99485243,Idaho,152
16,2020,374.5534699,21.31933682,8.335413979,0.474446274,703.2979202,36.59668512,Idaho,153
16,2016,839.2908535,52.08732492,3.985749203,0.247360034,766.7686638,50.90008215,Idaho,154
17,2008,602.0763853,4.971857902,1073.609742,8.865710748,6817.699289,56.15149852,Illinois,155
17,2009,673.4342792,5.539505246,1282.486437,10.54941895,5095.341279,40.39993448,Illinois,156
17,2010,733.9501691,6.014371711,635.4991644,5.207612667,5346.265605,44.24621896,Illinois,157
17,2007,1590.981173,13.19104207,608.3799352,5.044161082,6747.639837,55.6640715,Illinois,158
17,2012,2260.54301,18.4053531,400.5802848,3.261526789,8924.302275,71.04347279,Illinois,159
17,2013,3244.924206,26.35301717,637.4855049,5.177213825,7803.086079,61.85241834,Illinois,160
17,2014,1896.553958,15.39141511,706.0476997,5.729904594,6000.952668,49.92428909,Illinois,161
17,2011,2087.810706,17.04569228,718.5246723,5.866312699,6884.070918,56.30213982,Illinois,162
17,2015,463.5057924,3.76313148,479.1753259,3.890349986,6644.305996,50.21351576,Illinois,163
17,2016,1825.759271,14.84384466,411.3557305,3.344417119,6833.64055,50.42402346,Illinois,164
17,2017,2279.843438,18.5682336,420.6674725,3.42613522,4578.453946,35.78213902,Illinois,165
17,2018,1235.673042,10.09192119,707.2844725,5.776495008,5532.024314,45.56586842,Illinois,166
17,2019,1586.262305,12.99377757,1057.670285,8.663846064,5961.637924,47.43564787,Illinois,167
17,2020,65.38317522,0.538095965,1178.960315,9.702706949,5113.718544,45.84183882,Illinois,168
18,2007,757.7090318,12.50217223,551.7540582,9.103922448,3529.164429,58.79763363,Indiana,169
18,2008,1751.687448,28.6994117,834.5255634,13.67275466,3613.158631,58.75200744,Indiana,170
18,2009,1210.36079,19.72441376,550.4912798,8.970976148,2055.628498,31.95670327,Indiana,171
18,2010,710.3997746,11.51983142,160.2952557,2.599345313,2299.67436,36.73394693,Indiana,172
18,2011,2254.249,36.38681429,231.2088703,3.732043012,3365.376742,54.05929532,Indiana,173
18,2012,2634.51506,42.36288106,143.1336733,2.301582888,3971.146761,62.8070772,Indiana,174
18,2013,2613.261459,41.79908485,88.54063276,1.41620633,3147.780266,49.25479293,Indiana,175
18,2015,324.3837519,5.151519665,224.615515,3.567106045,2971.741806,46.61851536,Indiana,176
18,2016,976.2598136,15.43501366,178.9797461,2.82973322,2211.850001,33.2804268,Indiana,177
18,2017,1612.18193,25.38517706,101.2147972,1.593713154,1480.59909,22.8125139,Indiana,178
18,2018,476.1315018,7.452596351,333.5304469,5.220548908,2797.888735,43.25699394,Indiana,179
18,2019,497.1043652,7.73926195,249.5842799,3.885699373,2805.346591,43.52433144,Indiana,180
18,2020,218.3025593,3.384723091,205.4928509,3.186111971,2761.267544,43.21272255,Indiana,181
18,2014,988.7489749,15.74664555,161.3765434,2.570054982,2770.306785,44.1123384,Indiana,182
19,2007,1049.279823,36.82650898,189.7793237,6.660673175,1427.250823,49.41546811,Iowa,183
19,2008,535.5744778,18.68784614,598.5585436,20.88555454,1459.912202,50.37786118,Iowa,184
19,2009,384.3146983,13.33857988,375.8594281,13.04511909,1191.54247,40.04946275,Iowa,185
19,2011,4.055412134,0.139049923,662.1937935,22.70496631,1592.22445,53.74704168,Iowa,186
19,2012,398.2158201,13.59777996,184.1401514,6.287789518,2056.792937,68.41679063,Iowa,187
19,2013,885.2573423,30.03696025,130.5368321,4.429141051,2096.995687,71.53386927,Iowa,188
19,2010,130.866367,4.514432502,567.8061441,19.58732844,1413.398671,47.54990526,Iowa,189
19,2015,596.9909627,20.03766846,131.7837587,4.423248306,1636.880296,56.04547824,Iowa,190
19,2016,284.046612,9.493713395,212.2398296,7.09370937,1650.65447,56.70559588,Iowa,191
19,2017,294.2348184,9.793721547,107.4409285,3.576213522,1241.692584,42.45752673,Iowa,192
19,2018,320.457425,10.63685503,208.6895646,6.926975231,1672.77463,57.50071307,Iowa,193
19,2019,283.5518541,9.375029789,738.3662157,24.41248459,1609.183622,54.23944863,Iowa,194
19,2020,27.22919575,0.898250506,259.6927507,8.566876039,1408.267714,48.34967516,Iowa,195
19,2014,890.6463107,30.03321137,141.7882166,4.781197011,1679.764259,57.38725792,Iowa,196
20,2007,751.3052478,28.40907718,100.3646225,3.79508371,1089.889107,35.23703203,Kansas,197
20,2008,227.7808836,8.538563455,102.1708499,3.829962689,1226.176536,41.3782009,Kansas,198
20,2010,347.8471703,12.80811439,77.6309207,2.85845566,1038.763468,31.85196819,Kansas,199
20,2011,594.2410311,21.77553648,46.48855667,1.703539824,1484.436038,51.61455889,Kansas,200
20,2012,1873.773709,68.21885648,20.55158927,0.748225846,1852.754402,65.77551298,Kansas,201
20,2009,145.861494,5.420206795,84.21575972,3.129453982,951.5151167,30.78915815,Kansas,202
20,2016,686.6076377,24.6887161,110.4414543,3.971202129,1575.464623,55.99112722,Kansas,203
20,2013,1860.901233,67.50288964,33.17853008,1.203527954,1972.484211,69.85775399,Kansas,204
20,2014,599.6560908,21.67847541,59.22761948,2.141168099,1597.499639,55.00790426,Kansas,205
20,2015,825.69748,29.7356003,75.20510327,2.708339247,1582.308756,53.29012407,Kansas,206
20,2020,120.0015138,4.299252958,121.4947564,4.352750844,1573.235422,55.01792038,Kansas,207
20,2017,732.4305777,26.33652188,84.96759774,3.055239726,1222.684434,48.48160646,Kansas,208
20,2018,631.1419031,22.66292856,48.01106993,1.723972759,1702.3248,63.15728876,Kansas,209
20,2019,431.3082758,15.47625774,217.5655389,7.806714001,1478.801132,53.0946224,Kansas,210
21,2013,1876.250241,44.72072992,71.88013557,1.713274732,1788.465404,40.97991924,Kentucky,211
21,2007,984.5215647,24.34621435,75.08831161,1.856857376,2116.337503,51.56509582,Kentucky,212
21,2008,2014.036815,49.41955815,174.0021606,4.269589229,2012.223982,47.86590848,Kentucky,213
21,2009,1397.493813,34.07507304,95.95742373,2.339728586,660.5838395,13.96648207,Kentucky,214
21,2010,531.8482868,12.87241026,127.1089337,3.076438116,1208.90758,28.31648129,Kentucky,215
21,2011,2489.439282,59.90399225,355.465297,8.553649231,2227.045502,51.65587251,Kentucky,216
21,2014,509.2518865,12.10283693,102.9112703,2.44578048,1425.645167,29.64898757,Kentucky,217
21,2015,389.454495,9.22448771,243.0221767,5.756141247,1549.041309,33.88055768,Kentucky,218
21,2016,1029.190035,24.30083991,145.9573591,3.446289119,1105.432511,26.75470049,Kentucky,219
21,2017,1169.797939,27.51051504,61.37772263,1.443439679,903.1742909,23.46973811,Kentucky,220
21,2018,385.2163762,9.0360376,260.6477304,6.114025359,1744.895952,40.21759953,Kentucky,221
21,2019,218.3177862,5.108697012,269.4291193,6.304716444,1804.985189,43.0890931,Kentucky,222
21,2020,578.5445199,13.50872433,173.2217545,4.044641078,1882.199768,44.52794708,Kentucky,223
21,2012,2171.709361,52.02108446,172.435548,4.130517815,2416.658115,55.25261312,Kentucky,224
22,2007,2638.969678,63.4855764,55.67131842,1.339282436,1613.377531,38.29662444,Louisiana,225
22,2008,1919.564166,45.5541581,45.41448534,1.077754358,1465.734265,35.59242119,Louisiana,226
22,2010,1230.20589,28.49321317,262.1363652,6.071428688,1520.105612,36.8550415,Louisiana,227
22,2011,2569.493221,59.09332185,58.66693187,1.349224765,2236.151743,52.09825474,Louisiana,228
22,2012,4372.366084,99.97885537,104.990041,2.400710262,2611.359064,60.40285828,Louisiana,229
22,2009,497.3963036,11.65663597,110.6201957,2.592418446,741.0304814,23.02700784,Louisiana,230
22,2014,1288.945565,29.18741367,37.22436325,0.842923796,1503.584161,38.0264143,Louisiana,231
22,2015,194.8447824,4.39161449,123.5815019,2.785408507,847.0745637,20.23774135,Louisiana,232
22,2016,758.9637199,17.05130398,276.7010302,6.216520308,1142.378872,29.25747965,Louisiana,233
22,2017,741.5616809,16.68560351,173.5561482,3.905122326,1315.345818,33.63801806,Louisiana,234
22,2018,1251.432818,28.20986443,103.4108984,2.331093912,1714.108651,42.25625436,Louisiana,235
22,2019,1393.255854,31.44270234,181.8635994,4.104259104,1855.967982,45.86650497,Louisiana,236
22,2020,1048.766681,23.73086213,86.29672115,1.952670341,2596.810077,62.32618329,Louisiana,237
22,2013,1797.746913,40.88924226,110.1467259,2.505255954,2247.9172,53.89102457,Louisiana,238
23,2007,256.7370689,20.364838,73.78045959,5.852396437,391.0047873,30.38092269,Maine,239
23,2009,187.9752739,14.88193423,75.90321908,6.009230315,0,0,Maine,240
23,2010,100.7891695,7.989085919,95.93967794,7.604689411,353.6338652,27.86579502,Maine,241
23,2011,246.6397409,19.51868636,51.60002379,4.08354581,522.0098451,39.72111172,Maine,242
23,2008,22.97041409,1.817303246,56.31256534,4.455165998,270.7082429,20.07793715,Maine,243
23,2012,206.9979084,16.36994912,36.44523156,2.882186544,508.6640438,36.09244949,Maine,244
23,2013,309.9863448,24.4821236,35.88787877,2.834355443,493.353388,35.40378514,Maine,245
23,2014,368.0213566,28.97875552,38.24500315,3.011489894,377.507801,29.01501589,Maine,246
23,2015,8.524641832,0.671640151,34.97440831,2.755566432,394.4464017,31.56087694,Maine,247
23,2016,207.4331683,16.28728056,32.55218425,2.555939158,353.8811036,27.35914115,Maine,248
23,2017,116.9838363,9.153264446,34.78316119,2.721568062,222.1050965,17.12315971,Maine,249
23,2018,99.54725812,7.755684468,46.61560607,3.631802008,610.1657844,47.42825232,Maine,250
23,2019,232.081835,17.98710097,44.37936934,3.439546217,595.6204559,46.71943943,Maine,251
23,2020,59.03797256,4.554375964,37.99428324,2.9309992,385.6316801,30.59995825,Maine,252
24,2007,2140.650514,39.85766338,189.5296149,3.52893083,1972.871922,36.37878384,Maryland,253
24,2008,1879.046063,34.79253124,69.7830974,1.292108078,2777.271679,47.57701302,Maryland,254
24,2009,916.7171213,16.83944247,90.06258616,1.654385746,1349.292355,21.2936615,Maryland,255
24,2010,867.6616522,15.77022037,136.5361174,2.481617869,1781.692823,29.40455826,Maryland,256
24,2012,704.8084652,12.54580613,328.8107805,5.852932406,2803.900276,51.48793978,Maryland,257
24,2013,1487.795776,26.26861293,222.5034836,3.928535074,1835.847674,32.06605567,Maryland,258
24,2014,500.0902203,8.761229394,160.0391432,2.803773376,1088.43067,16.53451098,Maryland,259
24,2015,132.8661947,2.312189315,234.7661872,4.085492706,1883.538186,33.36227615,Maryland,260
24,2016,747.6273364,12.94560925,344.8821142,5.971837666,1380.603317,24.24154554,Maryland,261
24,2017,923.6962073,15.90807618,191.8988819,3.304919959,416.0849928,8.46570945,Maryland,262
24,2018,153.5746023,2.633659167,531.423736,9.113414411,1839.134741,31.52073616,Maryland,263
24,2019,0,0,635.4510717,10.85301009,2697.610097,46.18083202,Maryland,264
24,2020,13.79391882,0.235190249,313.9688138,5.353257805,1598.117077,28.30086854,Maryland,265
24,2011,996.0669623,17.91031241,258.3018776,4.644534453,2901.573972,52.41712347,Maryland,266
25,2008,800.8856468,13.03202695,232.6907263,3.786348062,1928.795272,33.92655231,Massachusetts,267
25,2009,539.2589016,8.709338052,187.5991545,3.029833073,775.6288899,13.53250959,Massachusetts,268
25,2010,131.7024943,2.110219505,663.2250306,10.62660509,2059.806686,31.56322535,Massachusetts,269
25,2007,1860.936025,30.45731255,284.7108839,4.659767053,2106.362886,32.32446386,Massachusetts,270
25,2012,699.4719361,10.99992827,193.8646253,3.048724133,2662.009003,42.42577397,Massachusetts,271
25,2013,999.7750414,15.57334477,331.7679958,5.167899947,2655.293786,42.16686745,Massachusetts,272
25,2014,989.4446872,15.26997293,296.9085101,4.582150949,1864.661012,28.90362153,Massachusetts,273
25,2015,40.25065512,0.617012555,287.9616337,4.414237301,2053.01035,33.18507279,Massachusetts,274
25,2016,967.2053801,14.73364496,218.8439447,3.333696285,1991.244817,32.74351851,Massachusetts,275
25,2017,1005.987701,15.21469307,241.5248505,3.652854272,812.1117326,12.60558782,Massachusetts,276
25,2018,291.656136,4.388348664,623.8616745,9.386816213,2767.861586,40.12846615,Massachusetts,277
25,2019,78.87362782,1.182870434,405.8783123,6.086970621,3080.884024,46.4137666,Massachusetts,278
25,2020,212.5367012,3.197085153,214.0493162,3.219838677,1944.193384,28.42465773,Massachusetts,279
25,2011,682.0135204,10.82743835,264.2721403,4.195503786,2768.085057,43.86406918,Massachusetts,280
26,2007,1966.097461,20.69310575,48.93207909,0.51500839,4555.89532,47.70311737,Michigan,281
26,2008,2584.948525,27.35527105,74.65456617,0.790033485,5328.835579,53.35858067,Michigan,282
26,2009,1059.546424,11.26396783,165.7818093,1.762415431,2869.235968,38.03292837,Michigan,283
26,2010,1088.493947,11.59678955,68.02262062,0.72471144,3439.423663,41.69519104,Michigan,284
26,2011,4070.630963,43.29932845,85.35615242,0.907933957,4476.593203,44.58004426,Michigan,285
26,2012,1920.745282,20.37876655,52.75138606,0.559682844,5490.909176,54.95782272,Michigan,286
26,2013,1641.784397,17.37250913,183.5077457,1.941783582,5023.877324,52.91472286,Michigan,287
26,2014,1313.285881,13.85856002,146.5963475,1.546970321,4091.822843,43.4712133,Michigan,288
26,2015,39.27811083,0.413963304,66.8188144,0.704222698,4293.839149,47.62426601,Michigan,289
26,2016,2068.942476,21.7406414,38.65201939,0.406159042,3811.100587,44.1664006,Michigan,290
26,2017,1531.240142,16.0384953,78.30085929,0.820137828,2394.253954,29.31017106,Michigan,291
26,2018,772.6472012,8.076145573,93.1522107,0.973679595,4512.392472,48.0109618,Michigan,292
26,2019,342.7978182,3.580379824,348.0809522,3.635559949,4812.348615,51.95535757,Michigan,293
26,2020,87.45344533,0.914106522,2357.802571,24.64491479,3984.877682,41.36407973,Michigan,294
27,2007,1014.78667,20.5138247,49.28799676,0.996352588,2330.503251,47.61464103,Minnesota,295
27,2008,1577.28092,31.64265313,48.91781549,0.981365746,2477.883446,51.52371147,Minnesota,296
27,2010,351.8148618,6.971432794,181.9525797,3.605504823,2548.75339,47.9787025,Minnesota,297
27,2011,140.8500943,2.769859842,242.9810135,4.778295355,2207.146285,44.07855404,Minnesota,298
27,2012,764.7685979,14.93958018,90.38951611,1.765738587,2674.938198,55.7064343,Minnesota,299
27,2013,2135.804418,41.39857779,65.3269691,1.266241229,3282.586318,66.96485122,Minnesota,300
31,2007,725.5270077,42.82244649,41.99760652,2.478805391,768.6907285,44.43712011,Nebraska,301
31,2009,200.4728815,11.64153279,33.06626401,1.920169919,621.2088519,33.96228047,Nebraska,302
31,2010,90.70200043,5.216982602,227.6630191,13.09468374,682.9248238,29.72835336,Nebraska,303
31,2011,31.04639024,1.772440138,596.272207,34.04121331,851.2519783,39.40800136,Nebraska,304
31,2012,315.7042965,17.87681364,387.9125775,21.96562079,1147.794052,57.12753999,Nebraska,305
31,2013,746.3856836,41.93688779,9.230866945,0.518651201,1278.362683,65.23164272,Nebraska,306
31,2014,722.5720882,40.24316186,39.1175854,2.17862736,1056.144533,53.81492026,Nebraska,307
31,2015,1015.378174,56.11786275,80.94374056,4.473594016,1083.8217,56.14709327,Nebraska,308
31,2016,336.6443343,18.44173025,55.4681774,3.038605022,1106.02819,58.66340571,Nebraska,309
31,2017,279.0653628,15.18491096,25.43756768,1.38414598,873.4833727,47.8769846,Nebraska,310
31,2018,231.8018004,12.54121583,14.15669607,0.765922355,1165.327594,66.24652612,Nebraska,311
31,2019,52.60351989,2.831973125,139.7374646,7.522932782,1036.837422,58.04648986,Nebraska,312
31,2020,52.18905862,2.79817688,45.49452229,2.439241554,935.1702305,49.11549279,Nebraska,313
31,2008,350.4633716,20.53625753,53.70240069,3.146823376,738.6452299,43.83664227,Nebraska,314
32,2007,433.259492,17.53364087,66.20070923,2.679086049,316.19415,22.81366177,Nevada,315
32,2008,679.0541941,26.93645642,85.17631894,3.378740936,705.3183038,45.8444435,Nevada,316
32,2009,1124.995331,44.10999554,80.28040054,3.14771805,709.2063583,34.18376788,Nevada,317
32,2010,191.2379899,7.450056984,75.38712027,2.936855497,648.3305291,13.97644658,Nevada,318
32,2011,351.0000583,13.6302622,201.3698255,7.819723833,8.515785165,1.505194634,Nevada,319
32,2012,555.3252682,21.33241299,202.3678809,7.773813758,168.7939239,18.96800071,Nevada,320
32,2013,461.8634827,17.54905181,253.9469714,9.649016915,736.7423719,41.30699508,Nevada,321
32,2014,377.1487501,14.12781065,266.517721,9.983625545,745.5337479,38.75888815,Nevada,322
32,2015,370.565413,13.6519649,236.2108437,8.702221076,559.4130425,47.50131599,Nevada,323
32,2016,728.8892883,26.4047438,195.1503172,7.06951551,1019.020895,52.50987523,Nevada,324
32,2017,142.9195282,5.090096126,257.2285878,9.161226987,978.6656449,49.02424628,Nevada,325
32,2018,377.8073454,13.20550846,243.1353145,8.498313996,1047.116813,53.56583115,Nevada,326
32,2019,570.9636044,19.58385848,175.8061341,6.030090924,772.2783715,34.29575625,Nevada,327
32,2020,604.1687362,20.41077497,80.41494326,2.716677002,699.6057184,30.67276928,Nevada,328
33,2008,0,0,30.08207868,2.406353187,344.046789,27.47744961,New Hampshire,329
33,2009,164.2303975,13.1353119,28.06359064,2.244554125,49.64465512,2.558830878,New Hampshire,330
33,2010,54.65150637,4.367730417,88.15397937,7.045237041,409.738579,31.11856942,New Hampshire,331
33,2011,183.6602234,14.62464538,48.8484389,3.889743152,545.7279364,43.29930924,New Hampshire,332
33,2012,114.2906715,9.063825605,33.33772834,2.643849684,584.3215556,45.95885734,New Hampshire,333
33,2013,336.4874711,26.60949099,30.21146094,2.389127878,566.5016737,39.87867488,New Hampshire,334
33,2014,330.2699924,25.95890986,39.29609259,3.088635809,356.0564141,23.98937571,New Hampshire,335
33,2015,15.01254757,1.176094915,28.56844489,2.238074691,402.7259742,32.17928922,New Hampshire,336
33,2016,215.9929025,16.82837586,19.7834357,1.541361257,366.1227784,28.5012318,New Hampshire,337
33,2017,293.6227696,22.74453325,27.04742305,2.095140693,178.2114048,14.8110337,New Hampshire,338
33,2018,47.07297101,3.63061555,46.96780406,3.622504297,582.6315117,45.20213076,New Hampshire,339
33,2019,89.40465103,6.860506119,38.49503491,2.953933822,613.3069008,46.36151646,New Hampshire,340
33,2007,212.7022282,17.05830545,52.46642127,4.20770505,410.0497489,32.63931843,New Hampshire,341
33,2020,57.73589639,4.408104709,18.10383665,1.382218214,375.6386349,27.18825054,New Hampshire,342
34,2008,3252.728728,39.30535647,512.3388016,6.191004819,4269.208966,49.91142568,New Jersey,343
34,2009,1523.500727,18.3161018,339.7319108,4.08438549,2043.829702,23.26278717,New Jersey,344
34,2010,1244.746788,14.87402751,748.9643542,8.949704885,2763.831608,32.14114413,New Jersey,345
34,2007,3241.111549,39.31483729,806.6328287,9.784494587,3391.075163,40.36216955,New Jersey,346
34,2012,1268.148054,14.94303825,588.8012925,6.938054439,4649.809328,54.24604624,New Jersey,347
34,2013,2203.184712,25.81238429,515.5417902,6.04005771,4031.966182,47.12066865,New Jersey,348
34,2014,1435.188151,16.72358116,529.6265768,6.171492592,2210.4311,25.7152907,New Jersey,349
34,2011,2920.463182,34.63089149,602.9274423,7.149521679,4274.491474,50.57974814,New Jersey,350
11,2009,56.85915101,10.10619861,12.857388,2.285284153,149.4450793,26.56250798,District of Columbia,351
11,2011,132.7785425,22.62064968,61.3798805,10.45690628,312.6060755,53.04922324,District of Columbia,352
11,2012,67.62968816,11.27847106,42.7711225,7.1328566,318.2254185,52.6906763,District of Columbia,353
11,2013,188.6623931,30.79924515,36.90547397,6.024840041,208.5418941,33.6911597,District of Columbia,354
11,2010,96.33672905,16.76582445,19.49796697,3.393300713,205.009535,35.65272228,District of Columbia,355
11,2015,56.03089825,8.86046957,23.20988477,3.670304852,210.6402045,32.75065671,District of Columbia,356
11,2016,97.02642499,15.15718879,35.46399239,5.540082796,159.9159048,24.48202546,District of Columbia,357
11,2017,127.2621627,19.67335043,31.35777789,4.847572446,52.95380958,7.996346495,District of Columbia,358
11,2014,80.17025619,12.89219704,30.57531599,4.916823481,136.3292467,21.62504845,District of Columbia,359
11,2019,0,0,126.6221989,19.39028979,321.7644107,47.82180657,District of Columbia,360
11,2020,0,0,25.15608376,3.947308992,196.3559207,28.99632484,District of Columbia,361
11,2018,12.11106073,1.859485667,91.56123728,14.05796009,226.0623532,33.79413274,District of Columbia,362
12,2007,10144.73057,58.13782457,60.85921794,0.348774421,7990.475222,43.66978237,Florida,363
12,2008,9769.519767,55.50567132,150.1514091,0.853087456,6605.271193,37.32821169,Florida,364
12,2010,9472.520823,52.9162778,182.1161358,1.017354114,1625.612436,18.56593636,Florida,365
12,2011,5573.5943,30.81414477,74.17324446,0.410073818,8463.266204,49.23634757,Florida,366
12,2012,10815.52734,59.07157917,265.1518271,1.448189871,7859.155628,49.41933537,Florida,367
12,2009,5942.235864,33.53404011,243.4161839,1.373679581,1723.568029,17.00382177,Florida,368
12,2014,5116.192647,27.20420047,194.8006534,1.035808538,1646.722957,16.55505941,Florida,369
12,2015,3731.953872,19.49864203,376.0643691,1.964854006,1574.9515,14.66750413,Florida,370
12,2016,4964.313774,25.44219698,797.4509702,4.086950502,829.7093703,11.64047014,Florida,371
12,2013,6511.233126,35.13259233,297.1398244,1.603274236,3574.764961,31.83184889,Florida,372
12,2017,4059.948938,20.47531199,756.7043278,3.81624435,4640.506927,28.44427079,Florida,373
12,2018,6710.58614,33.42369098,708.0703172,3.526714803,4751.431669,35.07515241,Florida,374
12,2019,2585.77863,12.74633849,458.2898811,2.259094374,4685.467069,35.81922542,Florida,375
12,2020,3703.485765,18.05544941,1117.185432,5.446567459,8581.070326,47.71638506,Florida,376
13,2007,6171.471503,69.47908161,19.62612031,0.220952947,3926.770445,43.91863843,Georgia,377
13,2008,2649.219759,29.33927871,21.02153285,0.232806889,3890.674235,42.26310752,Georgia,378
13,2009,1474.361843,16.13122001,170.3189206,1.863485543,1401.987056,23.11413368,Georgia,379
13,2010,787.3025637,8.532658132,265.16724,2.873839755,2850.609686,28.85897537,Georgia,380
13,2011,1994.460787,21.41054289,49.84798241,0.53511825,5080.188992,49.2130441,Georgia,381
13,2012,4236.417796,45.01226504,52.05465905,0.553084758,4935.496139,49.07035792,Georgia,382
13,2013,2352.202446,24.80780807,114.0658814,1.203010607,3379.476758,39.30293014,Georgia,383
13,2014,793.2088134,8.284994864,103.5914312,1.082003201,2035.239293,24.64881545,Georgia,384
13,2015,866.8299353,8.952666665,77.80741343,0.803599193,688.0300925,14.26576254,Georgia,385
13,2017,2976.475581,30.04270324,73.43557268,0.741213243,4184.508845,43.49544841,Georgia,386
13,2018,3127.378326,31.2533406,67.47593674,0.674318299,4316.461457,46.12564799,Georgia,387
13,2019,135.8752589,1.343718203,71.88865254,0.710932158,4799.632224,49.79091164,Georgia,388
13,2020,2206.342413,21.63978105,101.03609,0.990960811,4964.569331,53.86624956,Georgia,389
13,2016,1943.16418,19.82211942,94.99326653,0.969021502,2143.913265,24.41868252,Georgia,390
16,2007,421.911624,29.50740971,12.75014686,0.891712353,821.684417,53.9914227,Idaho,391
16,2009,359.6945762,24.3577181,15.52404259,1.051253698,536.7834645,35.00407692,Idaho,392
16,2010,134.6813966,9.022653784,7.681265275,0.514587752,288.0810028,18.5293628,Idaho,393
16,2011,23.80485896,1.579392823,125.7401398,8.342543625,400.7252167,27.0290013,Idaho,394
16,2008,731.2166515,50.16565895,12.40409022,0.85099178,848.1900858,55.26389371,Idaho,395
16,2013,498.2853263,32.417536,36.15719511,2.352321275,756.6572212,52.82809122,Idaho,396
16,2014,713.2906059,45.77862805,20.49128689,1.315120363,839.4134104,55.1189461,Idaho,397
16,2015,620.9094252,39.3169034,11.00051267,0.696568737,890.9672958,55.06138235,Idaho,398
16,2012,171.7575586,11.29986057,140.3635604,9.23446208,674.0101834,45.21011974,Idaho,399
16,2017,440.3140495,26.72920783,694.6098594,42.16620231,704.2413698,44.92867144,Idaho,400
38,2008,146.0391891,23.37784509,10.3973553,1.664400927,352.2124395,55.81926076,North Dakota,401
38,2009,47.52919761,7.523780743,187.4830839,29.67821228,275.3825735,42.10786452,North Dakota,402
38,2010,2.069087823,0.322638479,117.7744012,18.36488195,326.3298882,47.29166043,North Dakota,403
38,2011,2.538081063,0.38885175,189.9317299,29.09886791,283.0069936,40.92917744,North Dakota,404
38,2012,71.67456889,10.70182664,118.2620169,17.65786138,349.1095575,52.68430727,North Dakota,405
38,2013,143.8012975,20.81310895,40.74613918,5.897400429,445.7580549,63.3390346,North Dakota,406
38,2014,36.65857764,5.184702305,24.62064445,3.482151253,382.2378007,52.7064419,North Dakota,407
38,2015,23.72546026,3.274905676,4.991339326,0.688971481,369.5377652,51.07621773,North Dakota,408
38,2018,58.83308108,8.029712486,0.394289458,0.053813789,398.4332457,57.24325947,North Dakota,409
38,2019,70.01950338,9.493079051,28.0633446,3.804762042,345.7464229,47.71385435,North Dakota,410
38,2020,36.00612141,4.861849579,13.4065646,1.810267197,352.3046615,46.49359861,North Dakota,411
38,2016,7.779770215,1.071182336,1.671622859,0.230162695,351.425607,47.58062812,North Dakota,412
39,2007,1396.107247,12.77849367,224.0097327,2.050348895,5434.473221,50.40389068,Ohio,413
39,2008,3873.694496,35.40976727,182.0020296,1.663695864,5637.106626,50.24295236,Ohio,414
39,2010,1272.843506,11.60839908,81.54363679,0.743682215,3514.482671,31.05954569,Ohio,415
39,2011,4398.721816,40.05963385,237.909028,2.16666317,5517.499417,49.49303706,Ohio,416
39,2012,5098.5768,46.37239414,193.0495922,1.755817776,6118.221137,53.09473694,Ohio,417
39,2009,2246.955446,20.51554858,92.09145496,0.840829631,1808.42291,13.95431468,Ohio,418
39,2014,2389.649765,21.5937728,265.2680233,2.397061491,4706.59453,40.81552358,Ohio,419
39,2015,273.5631794,2.466576951,175.0508033,1.578342077,4737.396088,41.05921719,Ohio,420
39,2016,2702.369657,24.30855408,132.0196946,1.187553256,2647.177972,23.81869273,Ohio,421
39,2013,6896.021307,62.51183391,128.1960923,1.162086437,5054.46672,45.05805455,Ohio,422
39,2018,400.2114731,3.581589893,327.6310575,2.932050086,4868.229936,44.30471266,Ohio,423
39,2019,20.33223634,0.181560627,460.7866738,4.114683509,4951.599593,44.73861663,Ohio,424
39,2020,737.0366705,6.575766002,493.5661415,4.403546774,4863.648429,43.92882517,Ohio,425
39,2017,3870.625084,34.7133813,225.1664935,2.019387096,1997.203577,18.13303377,Ohio,426
40,2007,2008.939115,58.18573706,122.845815,3.558034305,1174.909843,31.08689223,Oklahoma,427
40,2009,158.7565061,4.495195029,100.5711911,2.847676163,1051.283503,31.08533382,Oklahoma,428
40,2010,571.5940566,16.00476767,79.10746294,2.21502752,1111.947689,30.44720039,Oklahoma,429
40,2011,1476.543156,41.05006288,47.75128042,1.327555552,1843.82407,48.98380054,Oklahoma,430
40,2008,343.9961324,9.869271207,236.5648825,6.787061724,1496.876409,38.65534531,Oklahoma,431
40,2013,2236.334809,61.18484243,58.63861716,1.604319057,2685.491565,70.87926177,Oklahoma,432
40,2014,640.5223483,17.41867478,49.76414288,1.35331019,2092.96513,55.37170498,Oklahoma,433
40,2015,527.6979142,14.24173395,172.1325427,4.645585686,1643.618982,43.88708198,Oklahoma,434
40,2012,3510.04053,96.85437803,28.17319031,0.777397526,2480.348519,67.53867244,Oklahoma,435
40,2016,373.7285628,10.04566498,161.1592592,4.331892414,1687.59643,45.31456956,Oklahoma,436
40,2017,876.3745173,23.53561194,110.7581193,2.974481872,1537.810214,42.69955873,Oklahoma,437
40,2018,182.4271615,4.8889991,96.33194177,2.581670255,1908.380077,52.64575031,Oklahoma,438
40,2019,351.3544008,9.378955697,220.384059,5.882870175,1741.447807,46.76815504,Oklahoma,439
40,2020,952.1814792,25.27710329,163.2865811,4.334690253,2055.520988,54.77091892,Oklahoma,440
41,2007,339.6033036,9.603361517,55.3872319,1.566249815,1186.134713,39.15570917,Oregon,441
41,2008,715.9106805,19.99577021,39.97063835,1.116401419,1071.746839,38.72682534,Oregon,442
41,2009,575.4033828,15.90316051,87.50726082,2.418550284,1452.503601,44.29787986,Oregon,443
41,2010,631.4205589,17.31919541,18.87432899,0.517702801,736.294326,25.50914879,Oregon,444
41,2011,114.4289144,3.110141514,59.75294578,1.62406607,785.5721298,26.91508817,Oregon,445
41,2012,111.7088903,3.014797193,140.5108233,3.792103159,1687.464426,47.50850606,Oregon,446
41,2013,242.3861356,6.501461769,50.40700886,1.352054399,1440.751394,47.82749669,Oregon,447
41,2014,976.7349071,25.92589062,33.55189815,0.890582322,1287.667965,43.5748452,Oregon,448
41,2016,2698.449782,69.3913743,94.00042161,2.417246555,1297.192481,33.24074894,Oregon,449
41,2017,1723.432106,43.7437713,81.75488756,2.075084415,1073.544657,28.6978945,Oregon,450
41,2018,1170.9563,29.46411494,23.02704937,0.579416695,2657.103265,63.63966289,Oregon,451
41,2019,2107.058123,52.60952258,74.36429159,1.856745115,2211.276823,56.53945737,Oregon,452
41,2020,2085.233003,51.70693421,23.98739609,0.59480869,3851.830765,79.68204161,Oregon,453
41,2015,1198.571797,31.39391372,35.24250164,0.92309869,1941.690941,51.20477832,Oregon,454
42,2008,5455.395182,45.53117254,372.8844419,3.112123924,5384.162011,39.77440079,Pennsylvania,455
42,2009,2387.594862,19.84120884,329.6709735,2.739606596,1509.752406,7.77188761,Pennsylvania,456
42,2010,1814.673999,15.02121253,531.4527671,4.399173058,3391.55753,25.26371569,Pennsylvania,457
42,2007,5291.084972,44.32976008,652.0634716,5.463117188,4863.266059,38.52638674,Pennsylvania,458
42,2012,2092.043375,17.18308162,802.6145905,6.592306921,5789.924385,44.43590096,Pennsylvania,459
42,2013,2434.2989,19.94581493,579.2310142,4.746021373,5178.072275,41.1062752,Pennsylvania,460
42,2014,2521.977528,20.61052076,627.9691745,5.131993272,2945.128549,27.06357076,Pennsylvania,461
42,2011,3086.407046,25.43528547,805.9331728,6.641748809,5747.708634,44.19124602,Pennsylvania,462
42,2016,3149.016864,25.66017402,322.2227659,2.625674172,3165.235887,24.88687277,Pennsylvania,463
42,2017,2163.163968,17.59063816,310.7695416,2.527147566,1403.837609,11.45099645,Pennsylvania,464
42,2018,70.27853684,0.569935776,618.4382417,5.015330352,4465.697502,39.79217425,Pennsylvania,465
42,2019,13.07663504,0.105958312,694.9453859,5.63105414,5506.679585,43.98563342,Pennsylvania,466
42,2020,168.3409853,1.363559315,543.2678622,4.400461081,3373.245917,25.7995695,Pennsylvania,467
42,2015,592.880907,4.838394221,388.4611199,3.170161183,3693.002986,32.93541607,Pennsylvania,468
44,2007,289.1624405,28.78815834,45.60250422,4.540050602,335.7966831,33.81005449,Rhode Island,469
44,2008,117.8813882,11.7616416,35.57874197,3.549876857,336.1706145,34.93363943,Rhode Island,470
44,2009,8.494570441,0.848639211,28.80120914,2.877348014,157.9893381,16.36840751,Rhode Island,471
44,2011,142.8222355,14.20042555,20.829666,2.07103691,414.6577003,41.38799718,Rhode Island,472
44,2012,141.6635463,14.01980213,14.07259602,1.392701347,414.4742076,41.35428945,Rhode Island,473
44,2013,256.5747567,25.28317719,25.90847441,2.553051429,415.473036,41.42170491,Rhode Island,474
44,2010,11.55257435,1.152746982,69.12672702,6.897650998,284.6017079,28.32521322,Rhode Island,475
44,2014,245.2199723,24.05435176,27.97674129,2.744321232,286.3476276,28.59922479,Rhode Island,476
44,2015,15.61471611,1.525542268,19.75061383,1.929615371,340.1679239,36.89378749,Rhode Island,477
44,2016,172.6677144,16.79335501,23.71173972,2.30616166,320.0281469,34.12008176,Rhode Island,478
44,2017,186.3822862,18.08385099,23.4062259,2.27100284,81.52396077,8.316200355,Rhode Island,479
44,2018,46.40274292,4.474148271,19.91672975,1.920369279,316.2758401,32.81188663,Rhode Island,480
44,2019,46.73379697,4.494598502,18.52382309,1.781519005,454.5495268,45.85306921,Rhode Island,481
44,2020,51.20302667,4.915702289,12.09199032,1.160881072,272.6764372,28.0227981,Rhode Island,482
45,2007,2315.584856,54.84692646,34.71879571,0.822349149,2037.409494,49.5770352,South Carolina,483
45,2008,2312.408383,53.74511453,33.36961273,0.775578255,2001.320489,47.86519085,South Carolina,484
45,2009,1440.482297,33.03571767,50.90769277,1.167506306,706.3956707,18.87832439,South Carolina,485
45,2010,458.759653,10.42119406,98.94516822,2.247640551,1116.529746,29.08479095,South Carolina,486
45,2011,1524.551045,34.41514442,36.12483244,0.815480288,2212.060034,50.62515142,South Carolina,487
45,2012,1516.874208,33.96222791,60.39393021,1.352196782,2140.696349,48.7601017,South Carolina,488
45,2014,889.1403065,19.5288182,141.6563943,3.111299702,620.6059585,15.78640591,South Carolina,489
45,2015,546.1769565,11.84673248,134.6662752,2.920949552,352.026094,8.239713562,South Carolina,490
45,2016,1155.835725,24.77464993,230.881068,4.948798097,1226.239168,26.31914147,South Carolina,491
45,2017,1287.660199,27.29620987,92.90114211,1.969346473,2549.912646,51.59840432,South Carolina,492
45,2018,1567.985085,32.87237843,53.70127834,1.125832612,1972.111701,42.31430207,South Carolina,493
45,2019,336.7857577,6.982104401,79.8289001,1.654980064,2196.953685,46.19052773,South Carolina,494
45,2020,1739.987531,35.68807353,87.05526104,1.785549897,2139.069701,45.34455282,South Carolina,495
45,2013,523.6189936,11.62652566,147.7410448,3.280467417,1510.489927,34.87408225,South Carolina,496
46,2007,232.4981964,30.91559285,78.64430215,10.45743693,370.639776,48.46837449,South Dakota,497
46,2008,209.4049897,27.58349205,55.34661344,7.29043216,395.925313,51.60866612,South Dakota,498
46,2010,10.40061479,1.341520613,291.4551541,37.59326778,245.0966822,34.11789652,South Dakota,499
46,2011,0.910398642,0.116425614,457.4545549,58.50121555,281.8224306,36.14305389,South Dakota,500
34,2016,1306.698236,15.08272176,258.8238223,2.98750514,2987.167234,33.92995474,New Jersey,501
34,2017,1296.761063,14.87870953,254.0274814,2.914647282,780.8969451,9.595615794,New Jersey,502
34,2018,58.01722256,0.662495689,451.2179231,5.152434322,2745.215703,32.53651183,New Jersey,503
34,2015,260.2189564,3.017920029,313.3315662,3.633899783,2783.783655,32.62060261,New Jersey,504
34,2019,0,0,478.5293428,5.440601502,3812.566254,45.69319097,New Jersey,505
34,2020,55.78260772,0.633261994,249.8914752,2.836847905,2274.151648,27.08562263,New Jersey,506
35,2007,237.1317866,12.54289583,54.53664668,2.884672223,3.242472125,1.066179533,New Mexico,507
35,2008,103.919619,5.44045059,42.68344225,2.234584391,40.23434484,4.268949999,New Mexico,508
35,2009,688.4064842,35.57726301,46.38650491,2.397282598,10.91770134,1.453881181,New Mexico,509
35,2010,133.1050336,6.78526482,38.26945804,1.950853399,13.62829488,1.211567651,New Mexico,510
35,2011,1006.598909,50.887466,31.54523888,1.594733768,728.3890374,35.50521408,New Mexico,511
35,2012,1381.403648,69.56258289,16.96445709,0.854269825,1059.319124,53.74155744,New Mexico,512
35,2013,499.3707273,25.07129986,57.95966752,2.909910663,804.5372131,46.37990984,New Mexico,513
35,2014,1015.925169,51.04086416,97.53151319,4.900058454,305.0584427,21.02093576,New Mexico,514
35,2015,326.4559112,16.39332209,57.27869619,2.876309123,44.38166898,6.70407288,New Mexico,515
35,2016,75.19327472,3.769490326,37.84026779,1.896958523,108.5357232,10.69394384,New Mexico,516
35,2017,463.8331126,23.23883569,35.58840564,1.783040255,446.7319819,24.42182556,New Mexico,517
35,2019,527.6146664,26.32042467,18.31420782,0.913616998,579.1841628,29.00051652,New Mexico,518
35,2020,341.1962418,16.95331476,8.778100078,0.436165102,730.313557,35.67409331,New Mexico,519
35,2018,315.6008876,15.79684591,29.78187596,1.490679284,851.3430421,42.56345981,New Mexico,520
36,2007,5066.375716,27.8744182,730.9322375,4.021476497,7185.750507,35.52306063,New York,521
36,2008,5103.711989,27.96276542,650.5420932,3.564259893,8172.12236,33.76959472,New York,522
36,2009,2373.823364,12.94221212,926.2331149,5.04987255,3539.458163,6.688637583,New York,523
36,2011,5737.166934,30.81095646,663.3222627,3.562314569,8941.852466,43.68418061,New York,524
36,2012,2732.384638,14.55778776,649.4732067,3.460308247,9787.751683,46.21059399,New York,525
36,2013,3314.321377,17.53857871,745.3403785,3.944159122,8957.700076,45.30602441,New York,526
36,2010,2535.071621,13.74096257,752.9661025,4.081335986,5931.614752,28.01529951,New York,527
36,2015,364.1042812,1.907784389,333.6424788,1.748174755,6403.960887,37.01322003,New York,528
36,2016,3808.869576,19.89533321,354.920592,1.853900035,6809.957912,29.63822256,New York,529
36,2017,5892.307251,30.71854631,1310.854493,6.833917979,2242.753458,15.58350268,New York,530
36,2014,3140.693029,16.52833609,508.1078159,2.673988409,5335.009952,31.50429459,New York,531
36,2019,184.0936406,0.958247027,1216.417442,6.331714632,8185.472574,43.98746338,New York,532
36,2020,63.42443874,0.332074261,1028.282584,5.383826575,4870.141165,25.88723331,New York,533
36,2018,810.2885006,4.217625751,1867.249669,9.719205299,6777.805983,42.99519155,New York,534
37,2007,3984.036841,45.99370447,91.41324477,1.055320001,4022.264652,45.25977505,North Carolina,535
37,2008,5553.487581,62.7940107,77.51220538,0.876440648,4459.082187,49.02258021,North Carolina,536
37,2010,383.2615987,4.215095733,271.7584533,2.9887886,1404.650448,15.76351183,North Carolina,537
37,2011,2377.557086,25.95735281,186.3596127,2.034610334,4470.862816,46.8222251,North Carolina,538
37,2012,2462.104065,26.66269102,131.5626594,1.424722288,4497.577588,49.48778521,North Carolina,539
37,2009,4355.419622,48.51706665,132.9335466,1.480809268,1414.46631,15.96902911,North Carolina,540
37,2014,1070.913995,11.41282106,172.7685969,1.841209555,714.1845707,7.35597414,North Carolina,541
37,2015,297.6797666,3.145062039,129.0619668,1.363572328,1092.636234,12.59193632,North Carolina,542
37,2016,1625.725457,16.98835284,214.1072403,2.237357684,2160.143704,22.9109264,North Carolina,543
37,2013,1117.333371,12.00019212,197.5824023,2.12204061,2761.598564,28.09771854,North Carolina,544
37,2020,2744.372704,27.63406662,257.9242602,2.597131279,3826.17503,37.39772583,North Carolina,545
37,2017,1878.748903,19.44090967,200.2760821,2.072415965,3515.846317,34.83050965,North Carolina,546
37,2018,2988.481086,30.61991636,236.4413692,2.422573455,3699.490206,32.81757248,North Carolina,547
37,2019,909.0799125,9.228214202,405.4259092,4.115542629,4225.855077,40.43770704,North Carolina,548
38,2017,26.23338982,3.602851917,2.363037449,0.324535794,371.0967686,51.00879538,North Dakota,549
38,2007,88.9851353,14.34825473,40.34304853,6.505045308,317.968574,52.68199612,North Dakota,550
49,2020,333.2006609,10.68025153,21.59224531,0.692107304,647.8833042,28.22069732,Utah,551
49,2012,164.5472812,6.055130166,94.91439075,3.492728572,819.0990297,27.06630815,Utah,552
50,2008,0,0,12.62350929,2.128956697,164.798233,27.02865834,Vermont,553
50,2009,67.45226304,11.36370844,5.715640922,0.962916202,4.70574596,0.571167607,Vermont,554
50,2010,80.15399293,13.4712978,10.74708885,1.806238582,168.9716636,28.28852793,Vermont,555
50,2007,21.29781066,3.595738774,23.12843995,3.904806443,175.9670009,31.45621332,Vermont,556
50,2011,98.16255027,16.41169244,136.737042,22.86092071,246.2863699,41.84791996,Vermont,557
50,2012,93.39658398,15.58811164,68.29985789,11.39940846,263.3906477,42.57489047,Vermont,558
50,2013,130.5418139,21.71285932,12.86582932,2.139957564,244.5504574,37.44485802,Vermont,559
50,2014,163.8661889,27.21244758,18.2272986,3.026917336,167.4137054,27.19803352,Vermont,560
50,2015,36.23626678,5.99806562,4.76582759,0.788871182,202.4201098,34.44139728,Vermont,561
50,2016,113.2422731,18.73147008,7.144517435,1.181778773,155.8039735,26.5227934,Vermont,562
50,2017,168.9051824,27.82166848,9.24410293,1.522667117,93.53487923,15.64548519,Vermont,563
50,2018,9.462628312,1.5547767,8.052708367,1.32311689,270.4971018,45.40512445,Vermont,564
50,2019,72.50083733,11.89031375,6.049224715,0.992087574,271.3269955,44.29030419,Vermont,565
50,2020,70.26622248,11.50416911,6.226095736,1.019352624,148.4095943,23.29414356,Vermont,566
51,2007,2471.225248,33.56069843,142.069613,1.929389254,2828.344948,36.57234211,Virginia,567
51,2008,3200.998789,43.01364817,66.0318723,0.887307966,3481.648771,43.75584068,Virginia,568
51,2009,2506.595986,33.28971819,84.97271345,1.12850962,1492.072911,16.65328036,Virginia,569
51,2011,2286.2809,29.68286349,181.8133785,2.36048934,3792.684291,46.77986661,Virginia,570
51,2012,1744.821253,22.40642185,186.081182,2.389593464,3845.795716,48.7332083,Virginia,571
51,2013,656.7114545,8.359152127,127.0200074,1.616812921,2167.896161,25.64335547,Virginia,572
51,2014,585.9892348,7.401834568,104.5785262,1.320967868,839.9703974,5.705426555,Virginia,573
51,2015,489.2666153,6.138573652,113.6956994,1.426480784,2177.690998,23.51348063,Virginia,574
51,2016,725.5153175,9.04382665,199.7421961,2.48986307,1903.941318,22.79648033,Virginia,575
51,2017,1282.030226,15.87297602,163.2504356,2.021223991,1101.381064,14.88893287,Virginia,576
51,2018,991.1987962,12.2084692,341.6364111,4.20789212,2886.771941,34.45286593,Virginia,577
51,2019,149.0077362,1.824515171,460.9681691,5.64429364,3579.906898,42.70078613,Virginia,578
51,2020,693.3555871,8.450059949,271.2324895,3.30556332,2600.503191,33.6973554,Virginia,579
51,2010,1110.692748,14.56882519,132.7861587,1.741740312,1830.873644,19.93538399,Virginia,580
53,2007,1399.2531,22.79467877,207.6534204,3.382799733,1321.665212,30.16773826,Washington,581
53,2008,1967.520083,31.56051306,73.5386027,1.179614913,1521.094513,29.42420059,Washington,582
53,2009,1149.683244,18.15082595,237.3420523,3.747079297,2666.438618,38.72858269,Washington,583
54,2013,610.2217585,34.59446948,19.40734663,1.10023422,528.159448,29.65161087,West Virginia,584
53,2011,554.98755,8.552552697,344.7725356,5.313065634,1499.06035,27.56668348,Washington,585
53,2012,70.36960386,1.072856864,127.4771433,1.943519939,2276.436921,39.75961155,Washington,586
53,2013,776.7859252,11.72388571,101.0505734,1.525137537,2521.252954,47.43691976,Washington,587
53,2014,1688.208085,25.14175731,170.8564954,2.544492341,1929.603771,35.97543446,Washington,588
54,2014,511.2739712,29.04157779,28.67072229,1.628565229,288.5966759,15.02442788,West Virginia,589
53,2015,1057.070009,15.49589803,43.68746529,0.640427315,3203.829887,48.95641495,Washington,590
54,2015,40.20020393,2.291719468,51.2334701,2.92070013,513.6631815,28.69595143,West Virginia,591
53,2016,3269.713638,47.04506564,38.4290484,0.552922153,1942.93508,32.78926056,Washington,592
54,2016,309.4843893,17.7429339,33.01104511,1.892543894,349.2061725,20.04055196,West Virginia,593
53,2017,3066.144366,43.34310962,357.9638501,5.060187826,1540.665323,24.83468542,Washington,594
54,2017,217.4183115,12.55591896,28.53994005,1.648183043,145.7259094,8.807739772,West Virginia,595
53,2018,2415.209011,33.68156493,120.8851918,1.68581784,3315.333806,51.89059459,Washington,596
54,2018,45.45965751,2.643033001,81.51493064,4.739293333,532.7192718,30.26751517,West Virginia,597
53,2019,3040.736601,41.90377413,26.13908607,0.360217442,3006.645296,46.46004069,Washington,598
54,2019,34.04339165,1.990442423,76.99292241,4.50160726,720.8751692,40.91544626,West Virginia,599
54,2020,179.1830055,10.52789075,37.99874107,2.232614601,597.7757896,34.66328588,West Virginia,600
55,2007,1046.068291,19.62517686,67.95331442,1.274864964,2656.98513,47.69372734,Wisconsin,601
55,2009,780.5316584,14.49239746,54.77186419,1.01696788,2223.759187,40.51234811,Wisconsin,602
55,2010,376.7175497,6.96672721,57.21148733,1.058025637,2355.521859,43.87145272,Wisconsin,603
55,2011,737.6626543,13.59100736,88.0549631,1.622361718,2612.216193,45.30459269,Wisconsin,604
55,2012,242.0234376,4.442951649,20.71508681,0.380277753,3373.702242,58.14983461,Wisconsin,605
55,2013,957.5518455,17.50781006,126.8031146,2.318459158,3443.002604,62.1032923,Wisconsin,606
55,2014,400.2165135,7.290920481,91.97761259,1.675596675,2662.757429,49.07441938,Wisconsin,607
55,2015,198.8359892,3.612463494,27.29976662,0.495983703,2912.570523,54.8699094,Wisconsin,608
55,2016,941.7387187,17.05598506,47.1459823,0.853868651,2899.884344,54.00406611,Wisconsin,609
55,2017,85.68141967,1.54544135,100.4971962,1.812674476,2115.505783,38.32978705,Wisconsin,610
55,2018,55.75501988,1.00181254,296.6991791,5.331124604,2782.823693,51.08561036,Wisconsin,611
55,2019,154.2711881,2.761816527,583.2105129,10.44083768,3004.616186,55.39360737,Wisconsin,612
55,2020,7.807358053,0.139370693,461.6123962,8.240334178,2222.8898,40.01410514,Wisconsin,613
55,2008,1152.666529,21.50920137,88.94697862,1.659784877,2690.697643,47.74899486,Wisconsin,614
56,2007,172.8316768,34.01313217,7.00459191,1.37849794,226.8280654,44.89322467,Wyoming,615
56,2009,91.57453327,17.21783931,2.388552197,0.449095468,129.4821341,26.92911232,Wyoming,616
56,2010,65.6309443,12.23986133,4.004579182,0.746835116,40.61997846,8.691680973,Wyoming,617
56,2011,61.55242702,11.42936269,20.91458051,3.883523977,51.58238027,11.52734488,Wyoming,618
56,2012,174.2048567,31.86317593,15.36643444,2.810618563,203.9631562,39.92845654,Wyoming,619
56,2013,308.2572232,55.85375758,4.236007935,0.767530953,261.3256908,47.30531235,Wyoming,620
56,2014,149.4666434,27.08202737,9.594918043,1.738513873,202.4409607,39.64555565,Wyoming,621
56,2015,53.0150486,9.561221854,13.33589856,2.4051187,225.4818538,43.10116408,Wyoming,622
56,2016,47.42930114,8.578101508,9.551171991,1.72743264,281.1487637,51.15790889,Wyoming,623
56,2017,143.4785409,26.21048263,16.96323408,3.09882265,271.1178237,49.27226294,Wyoming,624
56,2018,79.23806661,14.51195743,14.3158167,2.621852494,301.8048956,51.5643393,Wyoming,625
56,2019,28.88446601,5.284979953,10.44913018,1.911873445,223.9604642,40.40927886,Wyoming,626
56,2020,68.87818617,12.55112901,5.262137881,0.958877913,146.5572246,28.65633995,Wyoming,627
56,2008,91.56617248,17.65162171,8.179545273,1.576807624,236.7616689,46.69211467,Wyoming,628
Contiguous_US,2019,33389.76268,10.71427212,17523.10512,5.622900598,130109.9102,46.75768993,NA,629
Contiguous_US,2007,91760.64241,32.27900313,9281.182411,3.264878146,111032.4126,41.24484126,NA,630
Contiguous_US,2008,98372.71114,34.27971957,10503.5903,3.660162721,123019.9568,42.2300961,NA,631
Contiguous_US,2009,71170.7113,24.5848922,9249.562414,3.195127472,71245.72323,24.83118464,NA,632
Contiguous_US,2010,48908.20399,16.75310108,11219.08761,3.84300574,82253.19252,29.51109701,NA,633
Contiguous_US,2011,75443.13678,25.63892014,12434.3886,4.225756113,119487.8222,45.04500094,NA,634
Contiguous_US,2012,98289.82757,33.13855179,9454.069141,3.187452533,137650.4166,54.07749157,NA,635
Contiguous_US,2013,92076.8649,30.81038907,9053.085522,3.029306955,125427.9323,49.97592566,NA,636
Contiguous_US,2014,70116.18985,23.27544248,9328.2747,3.096570446,90485.86884,36.50354527,NA,637
Contiguous_US,2015,39169.37863,12.89877609,10068.46982,3.315624153,90950.48296,35.60041959,NA,638
Contiguous_US,2016,65126.34936,21.27873846,10463.45655,3.418726177,96104.71266,36.2113204,NA,639
Contiguous_US,2017,65416.42525,21.22575182,12117.47178,3.931771688,87982.76564,33.52258777,NA,640
Contiguous_US,2018,53172.64618,17.15134237,13253.44266,4.275023888,128447.2692,47.035739,NA,641
Contiguous_US,2020,39885.9507,12.74817995,15120.21845,4.832660681,123933.1606,45.71376143,NA,642
53,2020,3829.060508,52.17885391,18.06672207,0.246196384,2438.16646,39.84093259,Washington,643
53,2010,2177.777115,33.99348605,22.33908144,0.348696498,1862.486517,31.34930865,Washington,644
54,2007,810.7254534,46.53058987,19.57717697,1.123607984,683.233321,36.94968125,West Virginia,645
54,2008,649.3927337,37.14435604,18.42981727,1.054159769,646.1688895,35.13010302,West Virginia,646
54,2009,409.5487318,23.33097527,15.88801014,0.905100524,78.65982618,3.460237211,West Virginia,647
54,2010,329.4600593,18.70146006,32.54588829,1.847433742,344.1065082,16.89948322,West Virginia,648
54,2011,490.8671628,27.81833884,41.97797984,2.378968804,668.2478771,36.73209473,West Virginia,649
54,2012,336.212852,19.03903612,28.64072998,1.621865105,759.6010242,43.25115761,West Virginia,650
46,2012,88.27433851,11.15931218,220.9988313,27.93784685,404.5656364,50.33708912,South Dakota,651
46,2009,59.69900721,7.78634986,113.8935557,14.85477083,283.0329746,36.61807986,South Dakota,652
46,2014,75.37250097,9.362672582,43.63522989,5.42031066,418.584189,49.76051537,South Dakota,653
46,2015,34.2353048,4.230334608,46.67738606,5.76775825,428.7519617,52.66183436,South Dakota,654
46,2016,26.55728677,3.249169107,28.22883881,3.453676266,435.3697264,52.20527401,South Dakota,655
46,2017,67.93275241,8.220292543,13.19505331,1.596684876,402.6354845,49.9665021,South Dakota,656
46,2018,93.00057739,11.18737454,136.7602068,16.45137802,516.4578004,64.79652138,South Dakota,657
46,2019,26.04259828,3.106804389,590.6120942,70.4582633,491.4724426,58.6129865,South Dakota,658
46,2020,11.19913991,1.327762771,625.9601673,74.21343188,400.7356958,48.13423307,South Dakota,659
46,2013,204.3606888,25.5777761,28.2159423,3.531506273,472.2772109,58.00030822,South Dakota,660
47,2007,3631.240173,61.89324879,48.32358101,0.823658937,3110.417718,50.60857639,Tennessee,661
47,2009,2313.416661,38.61668404,124.5126096,2.078425467,527.8513222,7.949518297,Tennessee,662
47,2010,464.5119982,7.692677986,283.4191461,4.693640282,961.1811034,14.39487786,Tennessee,663
47,2011,2447.098404,40.22281895,350.6139443,5.7630217,2869.873071,47.03272547,Tennessee,664
47,2008,5689.358137,95.86047786,101.4707848,1.709689861,2500.702469,41.63431399,Tennessee,665
47,2015,927.628561,14.76738081,92.97914291,1.480181259,1143.053574,17.54124809,Tennessee,666
47,2012,2295.834625,37.39462498,182.5117969,2.972757762,3230.642008,52.68220069,Tennessee,667
47,2013,2699.646607,43.67225752,135.045876,2.184640856,2216.668066,35.79864372,Tennessee,668
47,2014,674.2795441,10.82307486,91.12531293,1.462681304,1051.767752,16.14770408,Tennessee,669
47,2019,534.9693844,8.206639741,186.9031657,2.867167715,2800.209694,42.97966315,Tennessee,670
47,2016,1358.857704,21.43949651,138.7754488,2.189541806,1446.75675,21.31695135,Tennessee,671
47,2017,2723.881573,42.54987516,122.2881898,1.91026925,2114.254396,34.07598465,Tennessee,672
47,2018,1113.041334,17.21508135,168.0810326,2.599659654,2380.953914,35.71333024,Tennessee,673
47,2020,1103.981204,16.77837438,114.054646,1.733409539,2905.654116,44.00763747,Tennessee,674
48,2012,23519.71521,95.01941641,605.0509479,2.444399835,14235.89971,58.23145412,Texas,675
48,2007,7985.913312,35.27287066,1523.795091,6.730429575,5664.784094,17.36640932,Texas,676
48,2008,4592.847811,19.8879793,1062.585615,4.601215104,7595.866981,22.65894197,Texas,677
48,2009,7401.408595,31.41291627,645.923841,2.741417566,6950.290817,18.62449726,Texas,678
48,2010,7443.136414,31.04257468,1041.693832,4.344520478,7928.067403,23.4209863,Texas,679
48,2013,10300.79969,41.0141861,475.597389,1.893662668,13757.1208,53.97715099,Texas,680
48,2014,7954.90401,31.12144221,618.1301555,2.418269522,9854.961317,35.27779968,Texas,681
48,2015,1949.679882,7.490886347,1514.723271,5.819734805,9193.470019,27.50602521,Texas,682
48,2016,3972.560745,15.02678115,1628.521259,6.160115382,10459.80856,35.56049626,Texas,683
48,2017,5188.691708,19.37550938,1034.841346,3.864283973,10753.60159,35.94265642,Texas,684
48,2018,3469.128091,12.80955829,892.6061166,3.29589735,11147.28315,41.57000567,Texas,685
48,2019,4300.423713,15.68777897,1263.109243,4.607773545,11261.13615,41.33326379,Texas,686
48,2020,4501.236956,16.20744905,800.0524995,2.880721511,13196.8313,48.3932078,Texas,687
48,2011,11409.70238,46.85997878,581.5197067,2.388318311,12291.65524,48.25182861,Texas,688
49,2007,887.6960023,35.97029288,25.97861546,1.052678399,779.8581396,29.38279669,Utah,689
49,2009,707.5151329,27.34622269,23.88936467,0.923349701,786.296333,27.01313212,Utah,690
49,2010,275.3090564,10.4392161,38.02401174,1.441801009,459.9072493,25.57859164,Utah,691
49,2011,24.1036026,0.900272019,146.6823015,5.478598942,60.26646145,10.2261558,Utah,692
49,2008,511.1803394,20.20573444,25.87725317,1.022865837,1092.548003,39.35714935,Utah,693
49,2013,1080.06419,39.0944253,48.16166437,1.743278416,1509.613695,45.01897933,Utah,694
49,2014,688.7927424,24.5722072,62.25253775,2.220816455,879.486605,21.54100644,Utah,695
49,2015,834.6525757,29.29422838,34.26410585,1.202584849,881.1433046,26.62333342,Utah,696
49,2016,1495.535784,51.39299729,28.54246962,0.980841167,1131.458022,35.34771296,Utah,697
49,2017,443.0333348,14.91949944,94.93794895,3.197110837,1129.906697,36.49414307,Utah,698
49,2018,933.7104207,30.89902163,50.89051868,1.68410591,1412.957006,50.04865714,Utah,699
49,2019,637.9344147,20.77276356,28.16291218,0.917055895,870.8539934,32.79458768,Utah,700
